-- phpMyAdmin SQL Dump
-- version 4.8.1
-- https://www.phpmyadmin.net/
--
-- Host: 127.0.0.1
-- Generation Time: Aug 01, 2018 at 12:01 PM
-- Server version: 10.1.33-MariaDB
-- PHP Version: 7.2.6

SET SQL_MODE = "NO_AUTO_VALUE_ON_ZERO";
SET AUTOCOMMIT = 0;
START TRANSACTION;
SET time_zone = "+00:00";


/*!40101 SET @OLD_CHARACTER_SET_CLIENT=@@CHARACTER_SET_CLIENT */;
/*!40101 SET @OLD_CHARACTER_SET_RESULTS=@@CHARACTER_SET_RESULTS */;
/*!40101 SET @OLD_COLLATION_CONNECTION=@@COLLATION_CONNECTION */;
/*!40101 SET NAMES utf8mb4 */;

--
-- Database: `leonappl_college`
--

-- --------------------------------------------------------

--
-- Table structure for table `agriculture`
--

CREATE TABLE `agriculture` (
  `ID` int(11) NOT NULL,
  `name` text NOT NULL,
  `course_id` int(11) NOT NULL,
  `student_id` int(11) NOT NULL,
  `Test1` text NOT NULL,
  `Test2` text NOT NULL,
  `Exam` text NOT NULL,
  `teacher_id` int(11) NOT NULL,
  `term` int(11) NOT NULL
) ENGINE=InnoDB DEFAULT CHARSET=latin1;

-- --------------------------------------------------------

--
-- Table structure for table `bursar`
--

CREATE TABLE `bursar` (
  `ID` int(11) NOT NULL
) ENGINE=InnoDB DEFAULT CHARSET=latin1;

-- --------------------------------------------------------

--
-- Table structure for table `computers`
--

CREATE TABLE `computers` (
  `ID` int(11) NOT NULL,
  `name` text NOT NULL,
  `course_id` int(11) NOT NULL,
  `student_id` int(11) NOT NULL,
  `Test1` text NOT NULL,
  `Test2` text NOT NULL,
  `Exam` text NOT NULL,
  `teacher_id` int(11) NOT NULL,
  `term` int(11) NOT NULL
) ENGINE=InnoDB DEFAULT CHARSET=latin1;

--
-- Dumping data for table `computers`
--

INSERT INTO `computers` (`ID`, `name`, `course_id`, `student_id`, `Test1`, `Test2`, `Exam`, `teacher_id`, `term`) VALUES
(1, 'DLAMINI  GCINIZWI ', 3, 373, '12', '13', '50', 0, 0),
(2, 'DLAMINI OLIVE ', 1, 2, '12', '12', '50', 0, 1),
(3, 'DLAMINI SIHLELELWE ', 1, 3, '50', '12', '50', 0, 1),
(4, 'BENNETT   IVY', 8, 349, '', '', '65', 0, 1),
(5, 'BENNETT    ANNITA', 12, 308, '', '', '20', 0, 1);

-- --------------------------------------------------------

--
-- Table structure for table `course`
--

CREATE TABLE `course` (
  `ID` int(11) NOT NULL,
  `name` text NOT NULL,
  `fees` text NOT NULL,
  `date_created` text NOT NULL
) ENGINE=InnoDB DEFAULT CHARSET=latin1;

--
-- Dumping data for table `course`
--

INSERT INTO `course` (`ID`, `name`, `fees`, `date_created`) VALUES
(1, 'Grade 1Blue', '10500', '2018/07/27 15:06:56'),
(2, 'Grade 1Green', '10500', '2018/07/27 15:36:22'),
(3, 'Grade 1Yellow', '10500', '2018/07/27 15:36:42'),
(4, 'Grade 2Green', '10500', '2018/07/27 15:37:04'),
(5, 'Grade 2Yellow', '10500', '2018/07/27 15:37:17'),
(6, 'Grade 3Green', '10500', '2018/07/27 15:37:30'),
(7, 'Grade 3Yellow', '10500', '2018/07/27 15:37:43'),
(8, 'Grade 4Green', '10500', '2018/07/27 15:38:05'),
(9, 'Grade 4Yellow', '10500', '2018/07/27 15:38:31'),
(10, 'Grade 5Green', '10500', '2018/07/27 15:38:41'),
(11, 'Grade 5Yellow', '10500', '2018/07/27 15:39:11'),
(12, 'Grade 6', '10800', '2018/07/27 15:39:24'),
(13, 'Grade 7', '10800', '2018/07/27 15:39:39');

-- --------------------------------------------------------

--
-- Table structure for table `english`
--

CREATE TABLE `english` (
  `ID` int(11) NOT NULL,
  `name` text NOT NULL,
  `course_id` int(11) NOT NULL,
  `student_id` int(11) NOT NULL,
  `Test1` text NOT NULL,
  `Test2` text NOT NULL,
  `Exam` text NOT NULL,
  `teacher_id` int(11) NOT NULL,
  `term` int(11) NOT NULL
) ENGINE=InnoDB DEFAULT CHARSET=latin1;

--
-- Dumping data for table `english`
--

INSERT INTO `english` (`ID`, `name`, `course_id`, `student_id`, `Test1`, `Test2`, `Exam`, `teacher_id`, `term`) VALUES
(1, 'DLAMINI OLIVE ', 1, 2, '', '', '98', 0, 1),
(2, 'DLAMINI SIHLELELWE ', 1, 3, '', '', '50', 0, 1),
(3, 'DLAMINI SIMNIKIWE ', 1, 4, '', '', '50', 0, 1);

-- --------------------------------------------------------

--
-- Table structure for table `french`
--

CREATE TABLE `french` (
  `ID` int(11) NOT NULL,
  `name` text NOT NULL,
  `course_id` int(11) NOT NULL,
  `student_id` int(11) NOT NULL,
  `Test1` text NOT NULL,
  `Test2` text NOT NULL,
  `Exam` text NOT NULL,
  `teacher_id` int(11) NOT NULL,
  `term` int(11) NOT NULL
) ENGINE=InnoDB DEFAULT CHARSET=latin1;

-- --------------------------------------------------------

--
-- Table structure for table `homeeco`
--

CREATE TABLE `homeeco` (
  `ID` int(11) NOT NULL,
  `name` text NOT NULL,
  `course_id` int(11) NOT NULL,
  `student_id` int(11) NOT NULL,
  `Test1` text NOT NULL,
  `Test2` text NOT NULL,
  `Exam` text NOT NULL,
  `teacher_id` int(11) NOT NULL,
  `term` int(11) NOT NULL
) ENGINE=InnoDB DEFAULT CHARSET=latin1;

-- --------------------------------------------------------

--
-- Table structure for table `math`
--

CREATE TABLE `math` (
  `ID` int(11) NOT NULL,
  `name` text NOT NULL,
  `course_id` int(11) NOT NULL,
  `student_id` int(11) NOT NULL,
  `Test1` text NOT NULL,
  `Test2` text NOT NULL,
  `Exam` text NOT NULL,
  `teacher_id` int(11) NOT NULL,
  `term` int(11) NOT NULL
) ENGINE=InnoDB DEFAULT CHARSET=latin1;

--
-- Dumping data for table `math`
--

INSERT INTO `math` (`ID`, `name`, `course_id`, `student_id`, `Test1`, `Test2`, `Exam`, `teacher_id`, `term`) VALUES
(1, 'BENNETT    ANNITA', 12, 308, '', '', '70', 0, 1);

-- --------------------------------------------------------

--
-- Table structure for table `payments`
--

CREATE TABLE `payments` (
  `ID` int(11) NOT NULL,
  `student_id` int(11) NOT NULL,
  `course_id` int(11) NOT NULL,
  `amount` text NOT NULL,
  `date` text NOT NULL,
  `balance` text NOT NULL
) ENGINE=InnoDB DEFAULT CHARSET=latin1;

-- --------------------------------------------------------

--
-- Table structure for table `religious`
--

CREATE TABLE `religious` (
  `ID` int(11) NOT NULL,
  `name` text NOT NULL,
  `course_id` int(11) NOT NULL,
  `student_id` int(11) NOT NULL,
  `Test1` text NOT NULL,
  `Test2` text NOT NULL,
  `Exam` text NOT NULL,
  `teacher_id` int(11) NOT NULL,
  `term` int(11) NOT NULL
) ENGINE=InnoDB DEFAULT CHARSET=latin1;

-- --------------------------------------------------------

--
-- Table structure for table `science`
--

CREATE TABLE `science` (
  `ID` int(11) NOT NULL,
  `name` text NOT NULL,
  `course_id` int(11) NOT NULL,
  `student_id` int(11) NOT NULL,
  `Test1` text NOT NULL,
  `Test2` text NOT NULL,
  `Exam` text NOT NULL,
  `teacher_id` int(11) NOT NULL,
  `term` int(11) NOT NULL
) ENGINE=InnoDB DEFAULT CHARSET=latin1;

-- --------------------------------------------------------

--
-- Table structure for table `siswati`
--

CREATE TABLE `siswati` (
  `ID` int(11) NOT NULL,
  `name` text NOT NULL,
  `course_id` int(11) NOT NULL,
  `student_id` int(11) NOT NULL,
  `Test1` text NOT NULL,
  `Test2` text NOT NULL,
  `Exam` text NOT NULL,
  `teacher_id` int(11) NOT NULL,
  `term` int(11) NOT NULL
) ENGINE=InnoDB DEFAULT CHARSET=latin1;

-- --------------------------------------------------------

--
-- Table structure for table `students`
--

CREATE TABLE `students` (
  `ID` int(11) NOT NULL,
  `name` text NOT NULL,
  `id_number` text NOT NULL,
  `address` text NOT NULL,
  `phone_number` text NOT NULL,
  `course_id` text NOT NULL,
  `date_created` text NOT NULL,
  `payment_id` int(11) NOT NULL,
  `parent_guardian` text NOT NULL,
  `dob` date NOT NULL,
  `gender` tinyint(1) NOT NULL,
  `first_lang` text NOT NULL,
  `nationality` text NOT NULL,
  `fees` decimal(10,0) NOT NULL,
  `paid` decimal(10,0) NOT NULL,
  `balance` text NOT NULL
) ENGINE=InnoDB DEFAULT CHARSET=latin1;

--
-- Dumping data for table `students`
--

INSERT INTO `students` (`ID`, `name`, `id_number`, `address`, `phone_number`, `course_id`, `date_created`, `payment_id`, `parent_guardian`, `dob`, `gender`, `first_lang`, `nationality`, `fees`, `paid`, `balance`) VALUES
(2, 'DLAMINI OLIVE ', '', 'Mbabane', '12345', '1', '27/07/2018', 0, '', '0000-00-00', 0, '', '', '10500', '0', '10500'),
(3, 'DLAMINI SIHLELELWE ', '', '', '', '1', '27/07/2018', 0, '', '0000-00-00', 0, '', '', '10500', '0', '10500'),
(4, 'DLAMINI SIMNIKIWE ', '', '', '', '1', '27/07/2018', 0, '', '0000-00-00', 0, '', '', '10500', '0', '10500'),
(5, 'GARANGANGA  TAONA ', '', '', '', '1', '27/07/2018', 0, '', '0000-00-00', 0, '', '', '10500', '0', '10500'),
(6, 'MAKAMBA  MAKANAKA ', '', '', '', '1', '27/07/2018', 0, '', '0000-00-00', 0, '', '', '10500', '0', '10500'),
(7, 'MDLULI  CEBOLENKHOSI ', '', '', '', '1', '27/07/2018', 0, '', '0000-00-00', 0, '', '', '10500', '0', '10500'),
(8, 'MASUKU  ABAYO ', '', '', '', '1', '27/07/2018', 0, '', '0000-00-00', 0, '', '', '10500', '0', '10500'),
(9, 'NTULI  NGEZWI ', '', '', '', '1', '27/07/2018', 0, '', '0000-00-00', 0, '', '', '10500', '0', '10500'),
(10, 'PHUNGWAYO   ANDISWA ', '', '', '', '1', '27/07/2018', 0, '', '0000-00-00', 0, '', '', '10500', '0', '10500'),
(11, 'SHONGWE  SIMHLELELWE ', '', '', '', '1', '27/07/2018', 0, '', '0000-00-00', 0, '', '', '10500', '0', '10500'),
(12, 'ZWANE  BUSISWA ', '', '', '', '1', '27/07/2018', 0, '', '0000-00-00', 0, '', '', '10500', '0', '10500'),
(13, 'MKHONTA  SINAYE ', '', '', '', '1', '27/07/2018', 0, '', '0000-00-00', 0, '', '', '10500', '0', '10500'),
(14, 'AMADOU  ADAMA', '', '', '', '1', '27/07/2018', 0, '', '0000-00-00', 0, '', '', '10500', '0', '10500'),
(15, 'DOURADO  MELOKUHE ', '', '', '', '1', '27/07/2018', 0, '', '0000-00-00', 0, '', '', '10500', '0', '10500'),
(16, 'MAYABA  OMUHLE ', '', '', '', '1', '27/07/2018', 0, '', '0000-00-00', 0, '', '', '10500', '0', '10500'),
(17, 'MOHALE  BALOKUHLE ', '', '', '', '1', '27/07/2018', 0, '', '0000-00-00', 0, '', '', '10500', '0', '10500'),
(18, 'MAMBA  SINAKEKELWE ', '', '', '', '1', '27/07/2018', 0, '', '0000-00-00', 0, '', '', '10500', '0', '10500'),
(19, 'MASUKU  BONGIZWI ', '', '', '', '1', '27/07/2018', 0, '', '0000-00-00', 0, '', '', '10500', '0', '7500'),
(20, 'MKHONTA  BONGA ', '', '', '', '1', '27/07/2018', 0, '', '0000-00-00', 0, '', '', '10500', '0', '10500'),
(21, 'MSIBI   MUKELWE ', '', '', '', '1', '27/07/2018', 0, '', '0000-00-00', 0, '', '', '10500', '0', '10500'),
(22, 'NDLANDLA  AVIWE ', '', '', '', '1', '27/07/2018', 0, '', '0000-00-00', 0, '', '', '10500', '0', '10500'),
(23, 'NGCAMPHALALA  NGCEBO ', '', '', '', '1', '27/07/2018', 0, '', '0000-00-00', 0, '', '', '10500', '0', '10500'),
(24, 'SEYAMA   PHIWOKUHLE ', '', '', '', '1', '27/07/2018', 0, '', '0000-00-00', 0, '', '', '10500', '0', '10500'),
(25, 'ZIKALALA   AKHILE ', '', '', '', '1', '27/07/2018', 0, '', '0000-00-00', 0, '', '', '10500', '0', '10500'),
(26, 'TSABEDZE SIPHESIHLE', '', '', '', '1', '27/07/2018', 0, '', '0000-00-00', 0, '', '', '10500', '0', '10500'),
(27, 'DLAMINI  MMELI ', '', '', '', '1', '27/07/2018', 0, '', '0000-00-00', 0, '', '', '10500', '0', '10500'),
(28, 'DLAMINI  MPENDULO ', '', '', '', '1', '27/07/2018', 0, '', '0000-00-00', 0, '', '', '10500', '0', '10500'),
(29, 'DLAMINI SIBONELO ', '', '', '', '1', '27/07/2018', 0, '', '0000-00-00', 0, '', '', '10500', '0', '10500'),
(69, 'CINDZI  NXOBA ', '', '', '', '2', '', 0, '', '0000-00-00', 0, '', '', '10500', '0', '10500.00'),
(70, 'DLAMINI  HLELOLWENKHOSI ', '', '', '', '2', '', 0, '', '0000-00-00', 0, '', '', '10500', '0', '10500.00'),
(71, 'DLAMINI  NKAZIMULO ', '', '', '', '2', '', 0, '', '0000-00-00', 0, '', '', '10500', '0', '10500.00'),
(72, 'DLAMINI  OKUHLE ', '', '', '', '2', '', 0, '', '0000-00-00', 0, '', '', '10500', '0', '10500.00'),
(73, 'DLAMINI  PRINCESS ', '', '', '', '2', '', 0, '', '0000-00-00', 0, '', '', '10500', '0', '10500.00'),
(74, 'DLAMINI  SISANDA ', '', '', '', '2', '', 0, '', '0000-00-00', 0, '', '', '10500', '0', '10500.00'),
(75, 'GININDZA  SIPHESIHLE ', '', '', '', '2', '', 0, '', '0000-00-00', 0, '', '', '10500', '0', '10500.00'),
(76, 'LUSHABA  KHETSELO ', '', '', '', '2', '', 0, '', '0000-00-00', 0, '', '', '10500', '0', '10500.00'),
(77, 'MAGAGULA  MIHLA ', '', '', '', '2', '', 0, '', '0000-00-00', 0, '', '', '10500', '0', '10500.00'),
(78, 'MAGAGULA   YENDZIWE ', '', '', '', '2', '', 0, '', '0000-00-00', 0, '', '', '10500', '0', '10500.00'),
(79, 'MKHATSHWA  TEBENGUNI ', '', '', '', '2', '', 0, '', '0000-00-00', 0, '', '', '10500', '0', '10500.00'),
(80, 'MOTSA   SIHLELELWE ', '', '', '', '2', '', 0, '', '0000-00-00', 0, '', '', '10500', '0', '10500.00'),
(81, 'VILAKATI  LETHOKUHLE ', '', '', '', '2', '', 0, '', '0000-00-00', 0, '', '', '10500', '0', '10500.00'),
(82, 'VILAKATI   SUKOLUHLE ', '', '', '', '2', '', 0, '', '0000-00-00', 0, '', '', '10500', '0', '10500.00'),
(83, 'ZWANE   SANDZISWA ', '', '', '', '2', '', 0, '', '0000-00-00', 0, '', '', '10500', '0', '10500.00'),
(84, 'ADAMS  GARY ', '', '', '', '2', '', 0, '', '0000-00-00', 0, '', '', '10500', '0', '10500.00'),
(85, 'DLAMINI  KUHLE ', '', '', '', '2', '', 0, '', '0000-00-00', 0, '', '', '10500', '0', '10500.00'),
(86, 'KHUMALO  MPILWENHLE ', '', '', '', '2', '', 0, '', '0000-00-00', 0, '', '', '10500', '0', '10500.00'),
(87, 'MACHIANE   ANTHONY ', '', '', '', '2', '', 0, '', '0000-00-00', 0, '', '', '10500', '0', '10500.00'),
(88, 'MARI  NERY ', '', '', '', '2', '', 0, '', '0000-00-00', 0, '', '', '10500', '0', '10500.00'),
(89, 'MBHAMALI  PARIS ', '', '', '', '2', '', 0, '', '0000-00-00', 0, '', '', '10500', '0', '10500.00'),
(90, 'MDLULI  SIYABONGA ', '', '', '', '2', '', 0, '', '0000-00-00', 0, '', '', '10500', '0', '10500.00'),
(91, 'MDZINISO  LANGELIHLE ', '', '', '', '2', '', 0, '', '0000-00-00', 0, '', '', '10500', '0', '10500.00'),
(92, 'OKENE  OWAMI ', '', '', '', '2', '', 0, '', '0000-00-00', 0, '', '', '10500', '0', '10500.00'),
(93, 'SHABANGU  NKHOSIYAPHA ', '', '', '', '2', '', 0, '', '0000-00-00', 0, '', '', '10500', '0', '10500.00'),
(107, 'DLAMINI  SIHLELELWE ', '', '', '', '4', '', 0, '', '0000-00-00', 0, '', '', '10500', '0', '10500'),
(108, 'DLAMINI   WATHANDWA ', '', '', '', '4', '', 0, '', '0000-00-00', 0, '', '', '10500', '0', '10500'),
(109, 'DUBE   PRECIOUS ', '', '', '', '4', '', 0, '', '0000-00-00', 0, '', '', '10500', '0', '10500'),
(110, 'GININDZA    OWETHU ', '', '', '', '4', '', 0, '', '0000-00-00', 0, '', '', '10500', '0', '10500'),
(111, 'KUNENE   AMAHLE ', '', '', '', '4', '', 0, '', '0000-00-00', 0, '', '', '10500', '0', '10500'),
(112, 'MACHI   SAMKELISIWE ', '', '', '', '4', '', 0, '', '0000-00-00', 0, '', '', '10500', '0', '10500'),
(113, 'MAHLALELA   SIPHESIHLE ', '', '', '', '4', '', 0, '', '0000-00-00', 0, '', '', '10500', '0', '10500'),
(114, 'MAKHANYA   NOKWANDA ', '', '', '', '4', '', 0, '', '0000-00-00', 0, '', '', '10500', '0', '10500'),
(115, 'MAMBA    IMMACULATE ', '', '', '', '4', '', 0, '', '0000-00-00', 0, '', '', '10500', '0', '10500'),
(116, 'MASUKU   ASEMAHLE ', '', '', '', '4', '', 0, '', '0000-00-00', 0, '', '', '10500', '0', '10500'),
(117, 'MATSEBULA   SIHLELELWE ', '', '', '', '4', '', 0, '', '0000-00-00', 0, '', '', '10500', '0', '10500'),
(118, 'MAVIMBELA   LETHOKWAKHE ', '', '', '', '4', '', 0, '', '0000-00-00', 0, '', '', '10500', '0', '10500'),
(119, 'MBUZINI   STHEMBINKOSI', '', '', '', '4', '', 0, '', '0000-00-00', 0, '', '', '10500', '0', '10500'),
(120, 'MDLULI    TANIA ', '', '', '', '4', '', 0, '', '0000-00-00', 0, '', '', '10500', '0', '10500'),
(121, 'MKHABELA   GCINILE ', '', '', '', '4', '', 0, '', '0000-00-00', 0, '', '', '10500', '0', '10500'),
(122, 'NGOMANE    NKOSINOHLELO', '', '', '', '4', '', 0, '', '0000-00-00', 0, '', '', '10500', '0', '10500'),
(123, 'BHEMBE   GCINUMUZI ', '', '', '', '4', '', 0, '', '0000-00-00', 0, '', '', '10500', '0', '10500'),
(124, 'DLAMINI   BANDISWA ', '', '', '', '4', '', 0, '', '0000-00-00', 0, '', '', '10500', '0', '10500'),
(125, 'DLAMINI   LONDIZWI', '', '', '', '4', '', 0, '', '0000-00-00', 0, '', '', '10500', '0', '10500'),
(126, 'DLAMINI   SINEMPHILO ', '', '', '', '4', '', 0, '', '0000-00-00', 0, '', '', '10500', '0', '10500'),
(127, 'DININDZA   NHLAKANIPHO ', '', '', '', '4', '', 0, '', '0000-00-00', 0, '', '', '10500', '0', '10500'),
(128, 'HLOPHE   SIWAKHILE ', '', '', '', '4', '', 0, '', '0000-00-00', 0, '', '', '10500', '0', '10500'),
(129, 'KOSTER   GIFT ', '', '', '', '4', '', 0, '', '0000-00-00', 0, '', '', '10500', '0', '10500'),
(130, 'LUKHELE   OYEDWA ', '', '', '', '4', '', 0, '', '0000-00-00', 0, '', '', '10500', '0', '10500'),
(132, 'DLAMINI    MALWANDE ', '', '', '', '5', '', 0, '', '0000-00-00', 0, '', '', '10500', '0', '10500.00'),
(133, 'DLAMINI  NOTSILE ', '', '', '', '5', '', 0, '', '0000-00-00', 0, '', '', '10500', '0', '10500.00'),
(134, 'HLOPHE   SELULEKO ', '', '', '', '5', '', 0, '', '0000-00-00', 0, '', '', '10500', '0', '10500.00'),
(135, 'MABUZA    SENAMILE ', '', '', '', '5', '', 0, '', '0000-00-00', 0, '', '', '10500', '0', '10500.00'),
(136, 'MAHLALELA   PRECIOUS ', '', '', '', '5', '', 0, '', '0000-00-00', 0, '', '', '10500', '0', '10500.00'),
(137, 'MASUKU    LANGELIHLE ', '', '', '', '5', '', 0, '', '0000-00-00', 0, '', '', '10500', '0', '10500.00'),
(138, 'MAKHUBU    ANDISWA ', '', '', '', '5', '', 0, '', '0000-00-00', 0, '', '', '10500', '0', '10500.00'),
(139, 'MHLONGO   PRINCESS ', '', '', '', '5', '', 0, '', '0000-00-00', 0, '', '', '10500', '0', '10500.00'),
(140, 'MASEKO    SIPHELELE ', '', '', '', '5', '', 0, '', '0000-00-00', 0, '', '', '10500', '0', '10500.00'),
(141, 'MKHATSHWA  SIBAHLE ', '', '', '', '5', '', 0, '', '0000-00-00', 0, '', '', '10500', '0', '10500.00'),
(142, 'NHLENGETHWA  LINDELWA ', '', '', '', '5', '', 0, '', '0000-00-00', 0, '', '', '10500', '0', '10500.00'),
(143, 'NDZIMANDZE     MELOKUHLE ', '', '', '', '5', '', 0, '', '0000-00-00', 0, '', '', '10500', '0', '10500.00'),
(144, 'NGWENYA    AMAHLE ', '', '', '', '5', '', 0, '', '0000-00-00', 0, '', '', '10500', '0', '10500.00'),
(145, 'MKHONTA    APHIWE ', '', '', '', '5', '', 0, '', '0000-00-00', 0, '', '', '10500', '0', '10500.00'),
(146, 'NKAMBULE    SIPHOSETHU ', '', '', '', '5', '', 0, '', '0000-00-00', 0, '', '', '10500', '0', '10500.00'),
(147, 'SHONGWE    BONGEKA ', '', '', '', '5', '', 0, '', '0000-00-00', 0, '', '', '10500', '0', '10500.00'),
(148, 'ZULU   SASHA ', '', '', '', '5', '', 0, '', '0000-00-00', 0, '', '', '10500', '0', '10500.00'),
(149, 'BHEMBE    PHATHWAYINKHOSI ', '', '', '', '5', '', 0, '', '0000-00-00', 0, '', '', '10500', '0', '10500.00'),
(150, 'DLAMINI   GCINIZWI ', '', '', '', '5', '', 0, '', '0000-00-00', 0, '', '', '10500', '0', '10500.00'),
(151, 'DLAMINI    LANGELIHLE', '', '', '', '5', '', 0, '', '0000-00-00', 0, '', '', '10500', '0', '10500.00'),
(152, 'DLAMINI    OWENKOSI ', '', '', '', '5', '', 0, '', '0000-00-00', 0, '', '', '10500', '0', '10500.00'),
(153, 'DLAMINI    SIHLELELWE ', '', '', '', '5', '', 0, '', '0000-00-00', 0, '', '', '10500', '0', '10500.00'),
(154, 'DLAMINI    AWONKE ', '', '', '', '5', '', 0, '', '0000-00-00', 0, '', '', '10500', '0', '10500.00'),
(155, 'HLOPHE    SIBAHLE ', '', '', '', '5', '', 0, '', '0000-00-00', 0, '', '', '10500', '0', '10500.00'),
(156, 'KUNENE    ALAKHE ', '', '', '', '5', '', 0, '', '0000-00-00', 0, '', '', '10500', '0', '10500.00'),
(157, 'MABUZA   MNOTFO ', '', '', '', '5', '', 0, '', '0000-00-00', 0, '', '', '10500', '0', '10500.00'),
(158, 'MAVUSO   SUKOLUHLE ', '', '', '', '5', '', 0, '', '0000-00-00', 0, '', '', '10500', '0', '10500.00'),
(159, 'MKHONTA    LWANDZILE', '', '', '', '5', '', 0, '', '0000-00-00', 0, '', '', '10500', '0', '10500.00'),
(160, 'MLIPHA     AKWANDZE ', '', '', '', '5', '', 0, '', '0000-00-00', 0, '', '', '10500', '0', '10500.00'),
(161, 'MMEMA   CEDUSIZI', '', '', '', '5', '', 0, '', '0000-00-00', 0, '', '', '10500', '0', '10500.00'),
(162, 'SHABANGU   NKOSENHLE ', '', '', '', '5', '', 0, '', '0000-00-00', 0, '', '', '10500', '0', '10500.00'),
(163, 'SIKHONDZE    MELIZWE ', '', '', '', '5', '', 0, '', '0000-00-00', 0, '', '', '10500', '0', '10500.00'),
(164, 'TSABEDZE    MUKELWE ', '', '', '', '5', '', 0, '', '0000-00-00', 0, '', '', '10500', '0', '10500.00'),
(165, 'THWALA     SABUSISWA ', '', '', '', '5', '', 0, '', '0000-00-00', 0, '', '', '10500', '0', '10500.00'),
(167, 'DLAMINI   CEBISA ', '', '', '', '6', '', 0, '', '0000-00-00', 0, '', '', '10500', '0', '10500.00'),
(168, 'GININDZA   DEMMA ', '', '', '', '6', '', 0, '', '0000-00-00', 0, '', '', '10500', '0', '10500.00'),
(169, 'HILLARY    KAIA ', '', '', '', '6', '', 0, '', '0000-00-00', 0, '', '', '10500', '0', '10500.00'),
(170, 'KHUMALO    SIZANENKHOSI ', '', '', '', '6', '', 0, '', '0000-00-00', 0, '', '', '10500', '0', '10500.00'),
(171, 'MAGAGULA    PRECIOUS ', '', '', '', '6', '', 0, '', '0000-00-00', 0, '', '', '10500', '0', '10500.00'),
(172, 'MKHONTA     ANDISWA ', '', '', '', '6', '', 0, '', '0000-00-00', 0, '', '', '10500', '0', '10500.00'),
(173, 'MGOMETULU    ZOE ', '', '', '', '6', '', 0, '', '0000-00-00', 0, '', '', '10500', '0', '10500.00'),
(174, 'MNISI    NGELOZI', '', '', '', '6', '', 0, '', '0000-00-00', 0, '', '', '10500', '0', '10500.00'),
(175, 'MNISI    NKOSENHLE ', '', '', '', '6', '', 0, '', '0000-00-00', 0, '', '', '10500', '0', '10500.00'),
(176, 'MULUSO   NATASHA ', '', '', '', '6', '', 0, '', '0000-00-00', 0, '', '', '10500', '0', '10500.00'),
(177, 'SHABALALA    NKOSIYENTILE ', '', '', '', '6', '', 0, '', '0000-00-00', 0, '', '', '10500', '0', '10500.00'),
(178, 'SIMELANE     HLELIWE ', '', '', '', '6', '', 0, '', '0000-00-00', 0, '', '', '10500', '0', '10500.00'),
(179, 'BROWN     BUYELELO ', '', '', '', '6', '', 0, '', '0000-00-00', 0, '', '', '10500', '0', '10500.00'),
(180, 'CARVALHO    PAUL ', '', '', '', '6', '', 0, '', '0000-00-00', 0, '', '', '10500', '0', '10500.00'),
(181, 'DLAMINI    HLELOLWENKHOSI', '', '', '', '6', '', 0, '', '0000-00-00', 0, '', '', '10500', '0', '10500.00'),
(182, 'DLAMINI    MCEBISI', '', '', '', '6', '', 0, '', '0000-00-00', 0, '', '', '10500', '0', '10500.00'),
(183, 'DLAMINI    PARADISE', '', '', '', '6', '', 0, '', '0000-00-00', 0, '', '', '10500', '0', '10500.00'),
(184, 'DLAMINI    PHIWINHLANHLA', '', '', '', '6', '', 0, '', '0000-00-00', 0, '', '', '10500', '0', '10500.00'),
(185, 'DLAMINI  SIHLE ', '', '', '', '6', '', 0, '', '0000-00-00', 0, '', '', '10500', '0', '10500.00'),
(186, 'DUPONT   KEANO ', '', '', '', '6', '', 0, '', '0000-00-00', 0, '', '', '10500', '0', '10500.00'),
(187, 'MABUZA    SIYABONGA  ', '', '', '', '6', '', 0, '', '0000-00-00', 0, '', '', '10500', '0', '10500.00'),
(188, 'MAGONGO    SINAKEKELWE  ', '', '', '', '6', '', 0, '', '0000-00-00', 0, '', '', '10500', '0', '10500.00'),
(189, 'MAMBA    NHLAKANIPHO ', '', '', '', '6', '', 0, '', '0000-00-00', 0, '', '', '10500', '0', '10500.00'),
(190, 'MASINA    LUYANDA  ', '', '', '', '6', '', 0, '', '0000-00-00', 0, '', '', '10500', '0', '10500.00'),
(191, 'MAVIMBELA    EMM', '', '', '', '6', '', 0, '', '0000-00-00', 0, '', '', '10500', '0', '10500.00'),
(192, 'MKHATSHWA    SIYANDA  ', '', '', '', '6', '', 0, '', '0000-00-00', 0, '', '', '10500', '0', '10500.00'),
(193, 'MTHOMBO     SINENHLANHLA ', '', '', '', '6', '', 0, '', '0000-00-00', 0, '', '', '10500', '0', '10500.00'),
(194, 'NDZIMANDZE    LWANDZILE', '', '', '', '6', '', 0, '', '0000-00-00', 0, '', '', '10500', '0', '10500.00'),
(195, 'NHLEKO    MPILWENHLE', '', '', '', '6', '', 0, '', '0000-00-00', 0, '', '', '10500', '0', '10500.00'),
(197, 'BHEMBE   AVIWE ', '', '', '', '7', '', 0, '', '0000-00-00', 0, '', '', '10500', '0', '10500.00'),
(198, 'DLAMINI    SIBONGAKONKHE ', '', '', '', '7', '', 0, '', '0000-00-00', 0, '', '', '10500', '0', '10500.00'),
(199, 'GININDZA   MERCY ', '', '', '', '7', '', 0, '', '0000-00-00', 0, '', '', '10500', '0', '10500.00'),
(200, 'MHLANGA   TIBUSISO ', '', '', '', '7', '', 0, '', '0000-00-00', 0, '', '', '10500', '0', '10500.00'),
(201, 'MNISI    SABUSISWA ', '', '', '', '7', '', 0, '', '0000-00-00', 0, '', '', '10500', '0', '10500.00'),
(202, 'MANIRITO    SEKA ALVINE ', '', '', '', '7', '', 0, '', '0000-00-00', 0, '', '', '10500', '0', '10500.00'),
(203, 'MULUSO    CHAKA ', '', '', '', '7', '', 0, '', '0000-00-00', 0, '', '', '10500', '0', '10500.00'),
(204, 'NGWENYA    APHIWE  ', '', '', '', '7', '', 0, '', '0000-00-00', 0, '', '', '10500', '0', '10500.00'),
(205, 'NHLABATSI   NOKUBONGA ', '', '', '', '7', '', 0, '', '0000-00-00', 0, '', '', '10500', '0', '10500.00'),
(206, 'SHABANGU    BLESSING ', '', '', '', '7', '', 0, '', '0000-00-00', 0, '', '', '10500', '0', '10500.00'),
(207, 'SHABANGU    LUSANDA ', '', '', '', '7', '', 0, '', '0000-00-00', 0, '', '', '10500', '0', '10500.00'),
(208, 'TSABEDZE    ANDISWA ', '', '', '', '7', '', 0, '', '0000-00-00', 0, '', '', '10500', '0', '10500.00'),
(209, 'TSABEDZE    LAKHIWE ', '', '', '', '7', '', 0, '', '0000-00-00', 0, '', '', '10500', '0', '10500.00'),
(210, 'DLAMINI   LIYANDA ', '', '', '', '7', '', 0, '', '0000-00-00', 0, '', '', '10500', '0', '10500.00'),
(211, 'DLAMINI    NKHOSEPHAYO ', '', '', '', '7', '', 0, '', '0000-00-00', 0, '', '', '10500', '0', '10500.00'),
(212, 'DLAMINI    OWENKOSI', '', '', '', '7', '', 0, '', '0000-00-00', 0, '', '', '10500', '0', '10500.00'),
(213, 'DLAMINI   OWETHU ', '', '', '', '7', '', 0, '', '0000-00-00', 0, '', '', '10500', '0', '10500.00'),
(214, 'DLAMINI   SIBUSISO ', '', '', '', '7', '', 0, '', '0000-00-00', 0, '', '', '10500', '0', '10500.00'),
(215, 'DLAMINI   SETSEMBOKUHLE ', '', '', '', '7', '', 0, '', '0000-00-00', 0, '', '', '10500', '0', '10500.00'),
(216, 'DLAMINI   THUBA ', '', '', '', '7', '', 0, '', '0000-00-00', 0, '', '', '10500', '0', '10500.00'),
(217, 'GAMA   SISEKELO', '', '', '', '7', '', 0, '', '0000-00-00', 0, '', '', '10500', '0', '10500.00'),
(218, 'KUNENE   SIYABULELA ', '', '', '', '7', '', 0, '', '0000-00-00', 0, '', '', '10500', '0', '10500.00'),
(219, 'MKHONTA   SIPHELELE ', '', '', '', '7', '', 0, '', '0000-00-00', 0, '', '', '10500', '0', '10500.00'),
(220, 'MAGAGULA   SENZELWE ', '', '', '', '7', '', 0, '', '0000-00-00', 0, '', '', '10500', '0', '10500.00'),
(221, 'MAGONGO    MAVE ', '', '', '', '7', '', 0, '', '0000-00-00', 0, '', '', '10500', '0', '10500.00'),
(222, 'MASEKO    ASEMAHLE', '', '', '', '7', '', 0, '', '0000-00-00', 0, '', '', '10500', '0', '10500.00'),
(223, 'MASUKU   WANDILE ', '', '', '', '7', '', 0, '', '0000-00-00', 0, '', '', '10500', '0', '10500.00'),
(224, 'MAYABA   KWETHOKUHLE ', '', '', '', '7', '', 0, '', '0000-00-00', 0, '', '', '10500', '0', '10500.00'),
(225, 'NHLENGETHWA   OWENKOSI', '', '', '', '7', '', 0, '', '0000-00-00', 0, '', '', '10500', '0', '10500.00'),
(226, 'NKAMBULE    MPILWENHLE ', '', '', '', '7', '', 0, '', '0000-00-00', 0, '', '', '10500', '0', '10500.00'),
(252, 'DLAMINI    ANDZISISWE ', '', '', '', '9', '', 0, '', '0000-00-00', 0, '', '', '10500', '0', '10500.00'),
(253, 'DLAMINI    SIKHULISIWE ', '', '', '', '9', '', 0, '', '0000-00-00', 0, '', '', '10500', '0', '10500.00'),
(254, 'DLAMINI   TEMAVE ', '', '', '', '9', '', 0, '', '0000-00-00', 0, '', '', '10500', '0', '10500.00'),
(255, 'GININDZA   LINDOKUHLE ', '', '', '', '9', '', 0, '', '0000-00-00', 0, '', '', '10500', '0', '10500.00'),
(256, 'KHUMALO    PHIWOKUHLE ', '', '', '', '9', '', 0, '', '0000-00-00', 0, '', '', '10500', '0', '10500.00'),
(257, 'HADZEBE   TAKITSI ', '', '', '', '9', '', 0, '', '0000-00-00', 0, '', '', '10500', '0', '10500.00'),
(258, 'HLATJWAKO   LANDOKUHLE ', '', '', '', '9', '', 0, '', '0000-00-00', 0, '', '', '10500', '0', '10500.00'),
(259, 'MDLULI    ASAKHONA ', '', '', '', '9', '', 0, '', '0000-00-00', 0, '', '', '10500', '0', '10500.00'),
(260, 'MTHIMKHULU    THEMBELIHLE ', '', '', '', '9', '', 0, '', '0000-00-00', 0, '', '', '10500', '0', '10500.00'),
(261, 'NDLANGAMANDLA    NAMHLA', '', '', '', '9', '', 0, '', '0000-00-00', 0, '', '', '10500', '0', '10500.00'),
(262, 'NKOSI   KWAMI ', '', '', '', '9', '', 0, '', '0000-00-00', 0, '', '', '10500', '0', '10500.00'),
(263, 'NCONGWANE   ANGIE ', '', '', '', '9', '', 0, '', '0000-00-00', 0, '', '', '10500', '0', '10500.00'),
(264, 'SHONGWE     SIPHOSETFU', '', '', '', '9', '', 0, '', '0000-00-00', 0, '', '', '10500', '0', '10500.00'),
(265, 'VILAKATI    MPILWENHLE ', '', '', '', '9', '', 0, '', '0000-00-00', 0, '', '', '10500', '0', '10500.00'),
(266, 'DLAMINI     MVELO ', '', '', '', '9', '', 0, '', '0000-00-00', 0, '', '', '10500', '0', '10500.00'),
(267, 'DUBE     KWENDZIWE ', '', '', '', '9', '', 0, '', '0000-00-00', 0, '', '', '10500', '0', '10500.00'),
(268, 'MAPHALALA    VELIBANTI ', '', '', '', '9', '', 0, '', '0000-00-00', 0, '', '', '10500', '0', '10500.00'),
(269, 'MNDZEBELE    MUSA ', '', '', '', '9', '', 0, '', '0000-00-00', 0, '', '', '10500', '0', '10500.00'),
(270, 'MABUZA    OWETHU ', '', '', '', '9', '', 0, '', '0000-00-00', 0, '', '', '10500', '0', '10500.00'),
(271, 'MAMBA    SINAKO ', '', '', '', '9', '', 0, '', '0000-00-00', 0, '', '', '10500', '0', '10500.00'),
(272, 'NXUMALO    THANDO ', '', '', '', '9', '', 0, '', '0000-00-00', 0, '', '', '10500', '0', '10500.00'),
(273, 'NKAMBULE     OWENKOSI ', '', '', '', '9', '', 0, '', '0000-00-00', 0, '', '', '10500', '0', '10500.00'),
(274, 'SHABANGU     NHLAKANIPHO ', '', '', '', '9', '', 0, '', '0000-00-00', 0, '', '', '10500', '0', '10500.00'),
(308, 'BENNETT    ANNITA', '', '', '', '12', '', 0, '', '0000-00-00', 0, '', '', '10800', '0', '10800.00'),
(309, 'DLAMINI    LINDELWE', '', '', '', '12', '', 0, '', '0000-00-00', 0, '', '', '10800', '0', '10800.00'),
(310, 'DLAMINI     LUNGISELELWE', '', '', '', '12', '', 0, '', '0000-00-00', 0, '', '', '10800', '0', '10800.00'),
(311, 'DLAMINI     MANDISA', '', '', '', '12', '', 0, '', '0000-00-00', 0, '', '', '10800', '0', '10800.00'),
(312, 'DLAMINI     NAOMI', '', '', '', '12', '', 0, '', '0000-00-00', 0, '', '', '10800', '0', '10800.00'),
(313, 'DLAMINI     NKOSINE', '', '', '', '12', '', 0, '', '0000-00-00', 0, '', '', '10800', '0', '10800.00'),
(314, 'DLAMINI    NTANDOYESIZWE', '', '', '', '12', '', 0, '', '0000-00-00', 0, '', '', '10800', '0', '10800.00'),
(315, 'DLAMINI     OWETHU', '', '', '', '12', '', 0, '', '0000-00-00', 0, '', '', '10800', '0', '10800.00'),
(316, 'DLAMINI     PHOTISILE', '', '', '', '12', '', 0, '', '0000-00-00', 0, '', '', '10800', '0', '10800.00'),
(317, 'DLAMINI    TIYANDZA', '', '', '', '12', '', 0, '', '0000-00-00', 0, '', '', '10800', '0', '10800.00'),
(318, 'DLAMINI    ZIYANDA', '', '', '', '12', '', 0, '', '0000-00-00', 0, '', '', '10800', '0', '10800.00'),
(319, 'HLATSHAKO   NAKEKELWE', '', '', '', '12', '', 0, '', '0000-00-00', 0, '', '', '10800', '0', '10800.00'),
(320, 'MAHLAMBI   SINOTHANDO', '', '', '', '12', '', 0, '', '0000-00-00', 0, '', '', '10800', '0', '10800.00'),
(321, 'MAHLABE     BOIKETLO', '', '', '', '12', '', 0, '', '0000-00-00', 0, '', '', '10800', '0', '10800.00'),
(322, 'MAMBA      TEMAVU', '', '', '', '12', '', 0, '', '0000-00-00', 0, '', '', '10800', '0', '10800.00'),
(323, 'MASIKA     LINDOKUHLE', '', '', '', '12', '', 0, '', '0000-00-00', 0, '', '', '10800', '0', '10800.00'),
(324, 'MAVUSO   SENABELWE', '', '', '', '12', '', 0, '', '0000-00-00', 0, '', '', '10800', '0', '10800.00'),
(325, 'MTHETHWA    ZOTSILE', '', '', '', '12', '', 0, '', '0000-00-00', 0, '', '', '10800', '0', '10800.00'),
(326, 'NCUBE     NICOLE', '', '', '', '12', '', 0, '', '0000-00-00', 0, '', '', '10800', '0', '10800.00'),
(327, 'NKIWANE     MDUMISENI', '', '', '', '12', '', 0, '', '0000-00-00', 0, '', '', '10800', '0', '10800.00'),
(328, 'SIMELANE    ANDISWA', '', '', '', '12', '', 0, '', '0000-00-00', 0, '', '', '10800', '0', '10800.00'),
(329, 'VILAKATI     NOKUKHANYA', '', '', '', '12', '', 0, '', '0000-00-00', 0, '', '', '10800', '0', '10800.00'),
(330, 'XABA    WAMKELWE', '', '', '', '12', '', 0, '', '0000-00-00', 0, '', '', '10800', '0', '10800.00'),
(331, 'ZWANE    SIWAKHELWE', '', '', '', '12', '', 0, '', '0000-00-00', 0, '', '', '10800', '0', '10800.00'),
(332, 'ZWANE     ZAMANSELE', '', '', '', '12', '', 0, '', '0000-00-00', 0, '', '', '10800', '0', '10800.00'),
(333, 'BIYELA   SAKHISIZWE', '', '', '', '12', '', 0, '', '0000-00-00', 0, '', '', '10800', '0', '10800.00'),
(334, 'CHERAIAN    JASON T', '', '', '', '12', '', 0, '', '0000-00-00', 0, '', '', '10800', '0', '10800.00'),
(335, 'DLAMINI    BAPHELELE', '', '', '', '12', '', 0, '', '0000-00-00', 0, '', '', '10800', '0', '10800.00'),
(336, 'GAMA S   ESIMILE', '', '', '', '12', '', 0, '', '0000-00-00', 0, '', '', '10800', '0', '10800.00'),
(337, 'GUMBI    KHAYELISHA', '', '', '', '12', '', 0, '', '0000-00-00', 0, '', '', '10800', '0', '10800.00'),
(338, 'KHUMALO     MSINDISI', '', '', '', '12', '', 0, '', '0000-00-00', 0, '', '', '10800', '0', '10800.00'),
(339, 'MAGONGO     LWANDISA', '', '', '', '12', '', 0, '', '0000-00-00', 0, '', '', '10800', '0', '10800.00'),
(340, 'MAHLANGU    NHLAKANIPHO', '', '', '', '12', '', 0, '', '0000-00-00', 0, '', '', '10800', '0', '10800.00'),
(341, 'MAMBA     SIBUSISO', '', '', '', '12', '', 0, '', '0000-00-00', 0, '', '', '10800', '0', '10800.00'),
(342, 'MASUKU     LINDALENHLE', '', '', '', '12', '', 0, '', '0000-00-00', 0, '', '', '10800', '0', '10800.00'),
(343, 'MAVUSO     KWEYAKHE', '', '', '', '12', '', 0, '', '0000-00-00', 0, '', '', '10800', '0', '10800.00'),
(344, 'MKHONTA     SISEKELO', '', '', '', '12', '', 0, '', '0000-00-00', 0, '', '', '10800', '0', '10800.00'),
(345, 'MOKOENA    THAPELO', '', '', '', '12', '', 0, '', '0000-00-00', 0, '', '', '10800', '0', '10800.00'),
(346, 'NKAMBULE    CINISO', '', '', '', '12', '', 0, '', '0000-00-00', 0, '', '', '10800', '0', '10800.00'),
(347, 'SIBAMBO     LUTHANDO', '', '', '', '12', '', 0, '', '0000-00-00', 0, '', '', '10800', '0', '10800.00'),
(349, 'BENNETT   IVY', '', '', '', '8', '', 0, '', '0000-00-00', 0, '', '', '10500', '0', '10500.00'),
(350, 'BHEMBE    OWAMI ', '', '', '', '8', '', 0, '', '0000-00-00', 0, '', '', '10500', '0', '10500.00'),
(351, 'CHIBI    LUYANDA', '', '', '', '8', '', 0, '', '0000-00-00', 0, '', '', '10500', '0', '10500.00'),
(352, 'DLAMINI   LANGELIHLE ', '', '', '', '8', '', 0, '', '0000-00-00', 0, '', '', '10500', '0', '10500.00'),
(353, 'DLAMINI   SIBAHLE ', '', '', '', '8', '', 0, '', '0000-00-00', 0, '', '', '10500', '0', '10500.00'),
(354, 'DLAMINI    TEMALANGENI ', '', '', '', '8', '', 0, '', '0000-00-00', 0, '', '', '10500', '0', '10500.00'),
(355, 'FAKUDZE    SICEBI ', '', '', '', '8', '', 0, '', '0000-00-00', 0, '', '', '10500', '0', '10500.00'),
(356, 'MABUZA   NICOLLETTE ', '', '', '', '8', '', 0, '', '0000-00-00', 0, '', '', '10500', '0', '10500.00'),
(357, 'MABUZA   THANDO ', '', '', '', '8', '', 0, '', '0000-00-00', 0, '', '', '10500', '0', '10500.00'),
(358, 'MASEKO   THANDEKA ', '', '', '', '8', '', 0, '', '0000-00-00', 0, '', '', '10500', '0', '10500.00'),
(359, 'MOTSA   SIKHETSELWE ', '', '', '', '8', '', 0, '', '0000-00-00', 0, '', '', '10500', '0', '10500.00'),
(360, 'SIMELANE    ANGEL ', '', '', '', '8', '', 0, '', '0000-00-00', 0, '', '', '10500', '0', '10500.00'),
(361, 'SIMELANE   MELOKUHLE ', '', '', '', '8', '', 0, '', '0000-00-00', 0, '', '', '10500', '0', '10500.00'),
(362, 'ZWANE    SIMUNYE ', '', '', '', '8', '', 0, '', '0000-00-00', 0, '', '', '10500', '0', '10500.00'),
(363, 'DLAMINI     LWANDILE ', '', '', '', '8', '', 0, '', '0000-00-00', 0, '', '', '10500', '0', '10500.00'),
(364, 'DLAMINI    PHILANATSI ', '', '', '', '8', '', 0, '', '0000-00-00', 0, '', '', '10500', '0', '10500.00'),
(365, 'DLAMINI    SIBONGAKONKHE ', '', '', '', '8', '', 0, '', '0000-00-00', 0, '', '', '10500', '0', '10500.00'),
(366, 'DLAMINI    SIPHESIHLE ', '', '', '', '8', '', 0, '', '0000-00-00', 0, '', '', '10500', '0', '10500.00'),
(367, 'KHANYILE  HLELOLWENKHOSI', '', '', '', '8', '', 0, '', '0000-00-00', 0, '', '', '10500', '0', '10500.00'),
(368, 'MASEKO    OWENKOSI ', '', '', '', '8', '', 0, '', '0000-00-00', 0, '', '', '10500', '0', '10500.00'),
(369, 'MDLULI    SIKUMELUSI ', '', '', '', '8', '', 0, '', '0000-00-00', 0, '', '', '10500', '0', '10500.00'),
(370, 'MNDZEBELE  UYASITSANDZA ', '', '', '', '8', '', 0, '', '0000-00-00', 0, '', '', '10500', '0', '10500.00'),
(371, 'THWALA   ZIPHELELE', '', '', '', '8', '', 0, '', '0000-00-00', 0, '', '', '10500', '0', '10500.00'),
(373, 'DLAMINI  GCINIZWI ', '', '', '', '3', '', 0, '', '0000-00-00', 0, '', '', '10500', '0', '10500.00'),
(374, 'DLAMINI  TULELO ', '', '', '', '3', '', 0, '', '0000-00-00', 0, '', '', '10500', '0', '10500.00'),
(375, 'KUNENE  SIKHATSISENKHOSI ', '', '', '', '3', '', 0, '', '0000-00-00', 0, '', '', '10500', '0', '10500.00'),
(376, 'MABUZA  FIONA ', '', '', '', '3', '', 0, '', '0000-00-00', 0, '', '', '10500', '0', '10500.00'),
(377, 'MASEKO   NOTSILE ', '', '', '', '3', '', 0, '', '0000-00-00', 0, '', '', '10500', '0', '10500.00'),
(378, 'MTSETFWA  SINETHMBA ', '', '', '', '3', '', 0, '', '0000-00-00', 0, '', '', '10500', '0', '10500.00'),
(379, 'NDLOVU  PHEPHILE ', '', '', '', '3', '', 0, '', '0000-00-00', 0, '', '', '10500', '0', '10500.00'),
(380, 'RUSSON   KAYDENE ', '', '', '', '3', '', 0, '', '0000-00-00', 0, '', '', '10500', '0', '10500.00'),
(381, 'SHEIK   TANIA ', '', '', '', '3', '', 0, '', '0000-00-00', 0, '', '', '10500', '0', '10500.00'),
(382, 'SITHOLE  ATILE ', '', '', '', '3', '', 0, '', '0000-00-00', 0, '', '', '10500', '0', '10500.00'),
(383, 'TSABEDZE  SIPHESIHLE ', '', '', '', '3', '', 0, '', '0000-00-00', 0, '', '', '10500', '0', '10500.00'),
(384, 'DLAMINI  GABAZI ', '', '', '', '3', '', 0, '', '0000-00-00', 0, '', '', '10500', '0', '10500.00'),
(385, 'DLAMINI MTHOKOZISI ', '', '', '', '3', '', 0, '', '0000-00-00', 0, '', '', '10500', '0', '10500.00'),
(386, 'DLAMINI NKHOSIVILE ', '', '', '', '3', '', 0, '', '0000-00-00', 0, '', '', '10500', '0', '10500.00'),
(387, 'DLAMINI SIKOLWETFU ', '', '', '', '3', '', 0, '', '0000-00-00', 0, '', '', '10500', '0', '10500.00'),
(388, 'GININDZA   ALAKHE ', '', '', '', '3', '', 0, '', '0000-00-00', 0, '', '', '10500', '0', '10500.00'),
(389, 'MALINGA   WAMKELWE ', '', '', '', '3', '', 0, '', '0000-00-00', 0, '', '', '10500', '0', '10500.00'),
(390, 'MASEKO   AFEZIWE ', '', '', '', '3', '', 0, '', '0000-00-00', 0, '', '', '10500', '0', '10500.00'),
(391, 'MAZIYA    SIPHEPHISO ', '', '', '', '3', '', 0, '', '0000-00-00', 0, '', '', '10500', '0', '10500.00'),
(392, 'MKHABELA   MANDISA ', '', '', '', '3', '', 0, '', '0000-00-00', 0, '', '', '10500', '0', '10500.00'),
(393, 'NKAMBULE   LETHOKUHLE', '', '', '', '3', '', 0, '', '0000-00-00', 0, '', '', '10500', '0', '10500.00'),
(394, 'NYAMA    DENZEL ', '', '', '', '3', '', 0, '', '0000-00-00', 0, '', '', '10500', '0', '10500.00'),
(395, 'SHABANGU  MPHILOLENHLE ', '', '', '', '3', '', 0, '', '0000-00-00', 0, '', '', '10500', '0', '10500.00'),
(396, 'SHONGWE   MUSAWENKHOSI ', '', '', '', '3', '', 0, '', '0000-00-00', 0, '', '', '10500', '0', '10500.00'),
(397, 'SHONGWE  SIBONELO ', '', '', '', '3', '', 0, '', '0000-00-00', 0, '', '', '10500', '0', '10500.00'),
(398, 'SHONGWE   SINENKHOSI ', '', '', '', '3', '', 0, '', '0000-00-00', 0, '', '', '10500', '0', '10500.00'),
(399, 'SIMELANE   MAYIBUSISWE ', '', '', '', '3', '', 0, '', '0000-00-00', 0, '', '', '10500', '0', '10500.00'),
(400, 'TSHABALALA   MENZI ', '', '', '', '3', '', 0, '', '0000-00-00', 0, '', '', '10500', '0', '10500.00'),
(402, 'BEPARY    ANNISA', '', '', '', '10', '', 0, '', '0000-00-00', 0, '', '', '10500', '0', '10500.00'),
(403, 'BUGUMA    MIREMBE ', '', '', '', '10', '', 0, '', '0000-00-00', 0, '', '', '10500', '0', '10500.00'),
(404, 'DLAMINI     GCINILE', '', '', '', '10', '', 0, '', '0000-00-00', 0, '', '', '10500', '0', '10500.00'),
(405, 'DLAMINI     LANGELIHLE', '', '', '', '10', '', 0, '', '0000-00-00', 0, '', '', '10500', '0', '10500.00'),
(406, 'DLAMINI     NTFOMBIYEMUSA ', '', '', '', '10', '', 0, '', '0000-00-00', 0, '', '', '10500', '0', '10500.00'),
(407, 'DLAMINI     TILANDZILE ', '', '', '', '10', '', 0, '', '0000-00-00', 0, '', '', '10500', '0', '10500.00'),
(408, 'JUMA      FARASHU ', '', '', '', '10', '', 0, '', '0000-00-00', 0, '', '', '10500', '0', '10500.00'),
(409, 'LUKHELE    TEMVELO ', '', '', '', '10', '', 0, '', '0000-00-00', 0, '', '', '10500', '0', '10500.00'),
(410, 'MABUZA     NOTSILE ', '', '', '', '10', '', 0, '', '0000-00-00', 0, '', '', '10500', '0', '10500.00'),
(411, 'MAKONDO    KATEKO ', '', '', '', '10', '', 0, '', '0000-00-00', 0, '', '', '10500', '0', '10500.00'),
(412, 'MALANGWANE     ZANOKUHLE ', '', '', '', '10', '', 0, '', '0000-00-00', 0, '', '', '10500', '0', '10500.00'),
(413, 'MASILELA     DIDIMALANG', '', '', '', '10', '', 0, '', '0000-00-00', 0, '', '', '10500', '0', '10500.00'),
(414, 'MUSULU     JACKY ', '', '', '', '10', '', 0, '', '0000-00-00', 0, '', '', '10500', '0', '10500.00'),
(415, 'NGWENYA     HLELWENGAYE ', '', '', '', '10', '', 0, '', '0000-00-00', 0, '', '', '10500', '0', '10500.00'),
(416, 'NHLENGETHWA    AMUKELWE ', '', '', '', '10', '', 0, '', '0000-00-00', 0, '', '', '10500', '0', '10500.00'),
(417, 'NXUMALO    TEBENGUNI ', '', '', '', '10', '', 0, '', '0000-00-00', 0, '', '', '10500', '0', '10500.00'),
(418, 'SIBAMBO     KHANYISA ', '', '', '', '10', '', 0, '', '0000-00-00', 0, '', '', '10500', '0', '10500.00'),
(419, 'SIMELANE    BONGIWE ', '', '', '', '10', '', 0, '', '0000-00-00', 0, '', '', '10500', '0', '10500.00'),
(420, 'ZWANE    SENZELWE ', '', '', '', '10', '', 0, '', '0000-00-00', 0, '', '', '10500', '0', '10500.00'),
(421, 'BENNETT    RICHARD ', '', '', '', '10', '', 0, '', '0000-00-00', 0, '', '', '10500', '0', '10500.00'),
(422, 'DLAMINI     SAMKETI', '', '', '', '10', '', 0, '', '0000-00-00', 0, '', '', '10500', '0', '10500.00'),
(423, 'HILLARY   KAEM ', '', '', '', '10', '', 0, '', '0000-00-00', 0, '', '', '10500', '0', '10500.00'),
(424, 'LEIBRANDT   BRADLEY ', '', '', '', '10', '', 0, '', '0000-00-00', 0, '', '', '10500', '0', '10500.00'),
(425, 'MABUZA    SIYABONGA ', '', '', '', '10', '', 0, '', '0000-00-00', 0, '', '', '10500', '0', '10500.00'),
(426, 'MKHONTA     BANDZILE ', '', '', '', '10', '', 0, '', '0000-00-00', 0, '', '', '10500', '0', '10500.00'),
(427, 'MUSUSLU    JUNIOR ', '', '', '', '10', '', 0, '', '0000-00-00', 0, '', '', '10500', '0', '10500.00'),
(428, 'MSIBI     APHELELE', '', '', '', '10', '', 0, '', '0000-00-00', 0, '', '', '10500', '0', '10500.00'),
(429, 'NDLOVU     BONGISWA ', '', '', '', '10', '', 0, '', '0000-00-00', 0, '', '', '10500', '0', '10500.00'),
(430, 'SEYAMA    SANDZISO', '', '', '', '10', '', 0, '', '0000-00-00', 0, '', '', '10500', '0', '10500.00'),
(431, 'ZWANE    SINENKHOSI ', '', '', '', '10', '', 0, '', '0000-00-00', 0, '', '', '10500', '0', '10500.00'),
(432, 'ZWANE    NKOSINGIZWILE', '', '', '', '10', '', 0, '', '0000-00-00', 0, '', '', '10500', '0', '10500.00'),
(434, 'DLAMINI    MICHELLE ', '', '', '', '11', '', 0, '', '0000-00-00', 0, '', '', '10500', '0', '10500.00'),
(435, 'DLAMINI     SABUSISWA', '', '', '', '11', '', 0, '', '0000-00-00', 0, '', '', '10500', '0', '10500.00'),
(436, 'DLAMINI    SINDILE', '', '', '', '11', '', 0, '', '0000-00-00', 0, '', '', '10500', '0', '10500.00'),
(437, 'DLAMINI    PHIWOKUHLE', '', '', '', '11', '', 0, '', '0000-00-00', 0, '', '', '10500', '0', '10500.00'),
(438, 'GULE     SUKOLUHLE', '', '', '', '11', '', 0, '', '0000-00-00', 0, '', '', '10500', '0', '10500.00'),
(439, 'KHUMALO    ZAMA', '', '', '', '11', '', 0, '', '0000-00-00', 0, '', '', '10500', '0', '10500.00'),
(440, 'MAHLALA     ASANDE', '', '', '', '11', '', 0, '', '0000-00-00', 0, '', '', '10500', '0', '10500.00'),
(441, 'MASANGANE    SIHLELELWE', '', '', '', '11', '', 0, '', '0000-00-00', 0, '', '', '10500', '0', '10500.00'),
(442, 'MDLULI     MUKELWE', '', '', '', '11', '', 0, '', '0000-00-00', 0, '', '', '10500', '0', '10500.00'),
(443, 'MOHALE      LANGELIHLE', '', '', '', '11', '', 0, '', '0000-00-00', 0, '', '', '10500', '0', '10500.00'),
(444, 'MOTSA     SIHLELELWE', '', '', '', '11', '', 0, '', '0000-00-00', 0, '', '', '10500', '0', '10500.00'),
(445, 'MTETWA     BAPHELELE', '', '', '', '11', '', 0, '', '0000-00-00', 0, '', '', '10500', '0', '10500.00'),
(446, 'SHONGWE T    EMCUSI', '', '', '', '11', '', 0, '', '0000-00-00', 0, '', '', '10500', '0', '10500.00'),
(447, 'VILANE     ASHANTE ', '', '', '', '11', '', 0, '', '0000-00-00', 0, '', '', '10500', '0', '10500.00'),
(448, 'BYRNES    VUYILE ', '', '', '', '11', '', 0, '', '0000-00-00', 0, '', '', '10500', '0', '10500.00'),
(449, 'DLAMINI    SAKHILE ', '', '', '', '11', '', 0, '', '0000-00-00', 0, '', '', '10500', '0', '10500.00'),
(450, 'DLAMINI    MUKELWE', '', '', '', '11', '', 0, '', '0000-00-00', 0, '', '', '10500', '0', '10500.00'),
(451, 'DLAMINI    ZWAKELE ', '', '', '', '11', '', 0, '', '0000-00-00', 0, '', '', '10500', '0', '10500.00'),
(452, 'DLAMINI    ZWELETHU ', '', '', '', '11', '', 0, '', '0000-00-00', 0, '', '', '10500', '0', '10500.00'),
(453, 'DLAMINI    SIBAHLE ', '', '', '', '11', '', 0, '', '0000-00-00', 0, '', '', '10500', '0', '10500.00'),
(454, 'DUPONT     KEVIN ', '', '', '', '11', '', 0, '', '0000-00-00', 0, '', '', '10500', '0', '10500.00'),
(455, 'MAMBA   SIPHOSETHU ', '', '', '', '11', '', 0, '', '0000-00-00', 0, '', '', '10500', '0', '10500.00'),
(456, 'MANDA    WENDZILE ', '', '', '', '11', '', 0, '', '0000-00-00', 0, '', '', '10500', '0', '10500.00'),
(457, 'MASEKO    PHIWOKUHLE ', '', '', '', '11', '', 0, '', '0000-00-00', 0, '', '', '10500', '0', '10500.00'),
(458, 'NHLEKO    SIKOLETHU', '', '', '', '11', '', 0, '', '0000-00-00', 0, '', '', '10500', '0', '10500.00'),
(459, 'NHLENGETFWA     BONGINKHOSI ', '', '', '', '11', '', 0, '', '0000-00-00', 0, '', '', '10500', '0', '10500.00'),
(460, 'PHUNGWAYO     AVELA ', '', '', '', '11', '', 0, '', '0000-00-00', 0, '', '', '10500', '0', '10500.00'),
(461, 'RADEBE     BANELE ', '', '', '', '11', '', 0, '', '0000-00-00', 0, '', '', '10500', '0', '10500.00'),
(462, 'SHABANGU     SINAKEKELWE', '', '', '', '11', '', 0, '', '0000-00-00', 0, '', '', '10500', '0', '10500.00'),
(463, 'SIBANDZE     SIYABONGA ', '', '', '', '11', '', 0, '', '0000-00-00', 0, '', '', '10500', '0', '10500.00'),
(465, ' DLADLA   BUKELWE ', '', '', '', '13', '', 0, '', '0000-00-00', 0, '', '', '10800', '0', '10800.00'),
(466, 'DLAMINI    FISOKUHLE ', '', '', '', '13', '', 0, '', '0000-00-00', 0, '', '', '10800', '0', '10800.00'),
(467, 'DLAMINI    NOLIZWE ', '', '', '', '13', '', 0, '', '0000-00-00', 0, '', '', '10800', '0', '10800.00'),
(468, ' DLAMINI    TEMALANGENI ', '', '', '', '13', '', 0, '', '0000-00-00', 0, '', '', '10800', '0', '10800.00'),
(469, ' DVUBA    BONGEKA ', '', '', '', '13', '', 0, '', '0000-00-00', 0, '', '', '10800', '0', '10800.00'),
(470, ' JELE   SAKHILE', '', '', '', '13', '', 0, '', '0000-00-00', 0, '', '', '10800', '0', '10800.00'),
(471, ' MAHDIA   THEMBI', '', '', '', '13', '', 0, '', '0000-00-00', 0, '', '', '10800', '0', '10800.00'),
(472, ' MAKHUBU    LUYANDA ', '', '', '', '13', '', 0, '', '0000-00-00', 0, '', '', '10800', '0', '10800.00'),
(473, ' MALAZA    LESIHLE', '', '', '', '13', '', 0, '', '0000-00-00', 0, '', '', '10800', '0', '10800.00'),
(474, ' MAMBA    OWETHU ', '', '', '', '13', '', 0, '', '0000-00-00', 0, '', '', '10800', '0', '10800.00'),
(475, ' MANYATSI    SENAMILE ', '', '', '', '13', '', 0, '', '0000-00-00', 0, '', '', '10800', '0', '10800.00'),
(476, ' MUIANGA    CASILIA ', '', '', '', '13', '', 0, '', '0000-00-00', 0, '', '', '10800', '0', '10800.00'),
(477, ' RAMALWA    MAMIKI', '', '', '', '13', '', 0, '', '0000-00-00', 0, '', '', '10800', '0', '10800.00'),
(478, ' SHABANGU    LUSIWE ', '', '', '', '13', '', 0, '', '0000-00-00', 0, '', '', '10800', '0', '10800.00'),
(479, ' SHONGWE    SIWAKHILE ', '', '', '', '13', '', 0, '', '0000-00-00', 0, '', '', '10800', '0', '10800.00'),
(480, ' VILAKATI    SENTELWE ', '', '', '', '13', '', 0, '', '0000-00-00', 0, '', '', '10800', '0', '10800.00'),
(481, ' ALEXANDRE    LUIS', '', '', '', '13', '', 0, '', '0000-00-00', 0, '', '', '10800', '0', '10800.00'),
(482, ' BYRNES    ZWELAKHE', '', '', '', '13', '', 0, '', '0000-00-00', 0, '', '', '10800', '0', '10800.00'),
(483, ' DLAMINI    LETHOKUHLE ', '', '', '', '13', '', 0, '', '0000-00-00', 0, '', '', '10800', '0', '10800.00'),
(484, ' DLAMINI    LUYANDZA', '', '', '', '13', '', 0, '', '0000-00-00', 0, '', '', '10800', '0', '10800.00'),
(485, ' DLAMINI   NELISWA ', '', '', '', '13', '', 0, '', '0000-00-00', 0, '', '', '10800', '0', '10800.00'),
(486, ' DLAMINI    SAKHELE ', '', '', '', '13', '', 0, '', '0000-00-00', 0, '', '', '10800', '0', '10800.00'),
(487, 'DLAMINI    TONGA ', '', '', '', '13', '', 0, '', '0000-00-00', 0, '', '', '10800', '0', '10800.00'),
(488, 'DUBE    SANDZISO ', '', '', '', '13', '', 0, '', '0000-00-00', 0, '', '', '10800', '0', '10800.00'),
(489, 'FAKUDZE    SANDILE JUNIOR ', '', '', '', '13', '', 0, '', '0000-00-00', 0, '', '', '10800', '0', '10800.00'),
(490, 'LITTLER   LEON ', '', '', '', '13', '', 0, '', '0000-00-00', 0, '', '', '10800', '0', '10800.00'),
(491, 'MAMBA     THANDOKUHLE ', '', '', '', '13', '', 0, '', '0000-00-00', 0, '', '', '10800', '0', '10800.00'),
(492, ' MASEKO    SIGCWALISO ', '', '', '', '13', '', 0, '', '0000-00-00', 0, '', '', '10800', '0', '10800.00'),
(493, 'MAVUNDLA    GIFT ', '', '', '', '13', '', 0, '', '0000-00-00', 0, '', '', '10800', '0', '10800.00'),
(494, ' MKHWANAZI    WAKHIWE ', '', '', '', '13', '', 0, '', '0000-00-00', 0, '', '', '10800', '0', '10800.00'),
(495, 'MULUSO     JOSEPH ', '', '', '', '13', '', 0, '', '0000-00-00', 0, '', '', '10800', '0', '10800.00'),
(496, 'SIHLONGONYANE    SISIMO', '', '', '', '13', '', 0, '', '0000-00-00', 0, '', '', '10800', '0', '10800.00'),
(497, ' SIMELANE     AKHIWE ', '', '', '', '13', '', 0, '', '0000-00-00', 0, '', '', '10800', '0', '10800.00'),
(498, 'SIMELANE   TENDAI ', '', '', '', '13', '', 0, '', '0000-00-00', 0, '', '', '10800', '0', '10800.00'),
(499, 'TSABEDZE     PHIWOKUHLE', '', '', '', '13', '', 0, '', '0000-00-00', 0, '', '', '10800', '0', '10800.00'),
(500, 'YULU    OWETHU  ', '', '', '', '13', '', 0, '', '0000-00-00', 0, '', '', '10800', '0', '10800.00'),
(501, ' ZWANE   MUKELO ', '', '', '', '13', '', 0, '', '0000-00-00', 0, '', '', '10800', '0', '10800.00');

-- --------------------------------------------------------

--
-- Table structure for table `teacher`
--

CREATE TABLE `teacher` (
  `ID` int(11) NOT NULL,
  `user_type` text NOT NULL,
  `course_id` int(11) NOT NULL,
  `name` text NOT NULL,
  `gender` tinyint(1) NOT NULL,
  `nationality` text NOT NULL,
  `marital_status` text NOT NULL,
  `dept` text NOT NULL,
  `subject` text NOT NULL,
  `grade_form` text NOT NULL,
  `address` text NOT NULL,
  `contact` bigint(20) NOT NULL,
  `email` varchar(32) NOT NULL,
  `bank_details` text NOT NULL,
  `qualification` text NOT NULL,
  `n_o_kin` text NOT NULL,
  `kin_contact` int(11) NOT NULL,
  `kin_address` text NOT NULL
) ENGINE=InnoDB DEFAULT CHARSET=latin1;

-- --------------------------------------------------------

--
-- Table structure for table `users`
--

CREATE TABLE `users` (
  `ID` int(11) NOT NULL,
  `username` text NOT NULL,
  `password` text NOT NULL,
  `display_name` text NOT NULL,
  `phone_number` text NOT NULL,
  `date_created` text NOT NULL,
  `access` int(11) NOT NULL,
  `subject1` text NOT NULL,
  `subject2` text NOT NULL,
  `subject3` text NOT NULL,
  `subject4` text NOT NULL,
  `subject5` text NOT NULL
) ENGINE=InnoDB DEFAULT CHARSET=latin1;

--
-- Dumping data for table `users`
--

INSERT INTO `users` (`ID`, `username`, `password`, `display_name`, `phone_number`, `date_created`, `access`, `subject1`, `subject2`, `subject3`, `subject4`, `subject5`) VALUES
(1, 'admin', 'admin123', 'admin', '', '', 0, '', '', '', '', ''),
(25, 'JOSEPHINE', 'JB123', 'JOSEPHINE BICAMUMPAKA', '', '30/07/2018', 1, 'french', '', '', '', ''),
(26, 'NELLY', 'NBD123', 'NELLY BONGIWE DLAMINI', '', '30/07/2018', 1, 'english', 'math', 'science', 'religious', ''),
(27, 'NKOSIKHONA', 'NKD123', 'NKOSIKHONA DLAMINI', '', '30/07/2018', 1, 'siswati', 'science', '', '', ''),
(28, 'KHUMBUZILE', 'KD123', 'KHUMBUZILE DLAMINI', '', '30/07/2018', 1, 'english', 'math', 'science', 'religious', ''),
(29, 'LUNGELE', 'LD123', 'LUNGELE DLAMINI', '', '30/07/2018', 1, 'english', 'math', 'science', 'religious', 'homeeco'),
(30, 'NONHLANHLA', 'ND123', 'NONHLANHLA DLAMINI', '', '30/07/2018', 1, 'english', 'math', 'science', 'religious', ''),
(31, 'REBECCA', 'RD123', 'REBECCA DLAMINI', '', '30/07/2018', 1, 'siswati', '', '', '', ''),
(32, 'JEFFREY', 'JF123', 'JEFFREY GUNDA', '', '30/07/2018', 1, 'english', 'math', 'science', 'religious', 'homeeco'),
(33, 'SIPHESIHLE', 'SM123', 'SIPHESIHLE MAPHALALA', '', '30/07/2018', 1, 'english', 'math', 'science', 'religious', ''),
(34, 'NJABULO', 'NM123', 'NJABULO MASANGO', '', '30/07/2018', 1, 'english', 'math', 'science', 'religious', 'homeeco'),
(35, 'GUGU', 'GM123', 'GUGU MASINGA', '', '30/07/2018', 1, 'english', '', '', 'religious', 'homeeco'),
(36, 'MOLLY', 'ML123', 'MOLLY NALUWEMBE', '', '30/07/2018', 1, 'english', '', '', '', ''),
(37, 'GOODWELLS', 'GN123', 'GOODWELLS NGAMBI', '', '30/07/2018', 1, 'computers', '', '', '', ''),
(38, 'MANDLA', 'MBN123', 'MANDLA BHEKI NKAMBULE', '', '30/07/2018', 1, 'math', 'homeeco', 'siswati', '', ''),
(39, 'ROY', 'RN123', 'ROY NKIWANE', '', '30/07/2018', 1, 'math', 'agriculture', '', '', ''),
(40, 'CLOTILDE', 'CN123', 'CLOTILDE NKONDE', '', '30/07/2018', 1, 'english', 'science', 'homeeco', 'religious', ''),
(41, 'PATRICIA', 'PN123', 'PATRICIA NYIRAHABIMANA', '', '30/07/2018', 1, 'french', '', '', '', ''),
(42, 'PHINDILES', 'PS123', 'PHINDILE SIKONDZE', '', '30/07/2018', 1, 'english', 'math', 'science', 'religious', ''),
(43, 'PHINDILEV', 'PV123', 'PHINDILE VILAKATI', '', '30/07/2018', 1, 'english', 'math', 'science', 'religious', 'homeeco'),
(44, 'JACOB', 'JO123', 'JACOB OGEMBO', '', '30/07/2018', 1, 'math', 'science', 'religious', '', '');

--
-- Indexes for dumped tables
--

--
-- Indexes for table `agriculture`
--
ALTER TABLE `agriculture`
  ADD PRIMARY KEY (`ID`);

--
-- Indexes for table `computers`
--
ALTER TABLE `computers`
  ADD PRIMARY KEY (`ID`);

--
-- Indexes for table `course`
--
ALTER TABLE `course`
  ADD PRIMARY KEY (`ID`),
  ADD UNIQUE KEY `ID` (`ID`) USING BTREE;

--
-- Indexes for table `english`
--
ALTER TABLE `english`
  ADD PRIMARY KEY (`ID`);

--
-- Indexes for table `french`
--
ALTER TABLE `french`
  ADD PRIMARY KEY (`ID`);

--
-- Indexes for table `homeeco`
--
ALTER TABLE `homeeco`
  ADD PRIMARY KEY (`ID`);

--
-- Indexes for table `math`
--
ALTER TABLE `math`
  ADD PRIMARY KEY (`ID`);

--
-- Indexes for table `payments`
--
ALTER TABLE `payments`
  ADD PRIMARY KEY (`ID`),
  ADD KEY `ID` (`ID`);

--
-- Indexes for table `religious`
--
ALTER TABLE `religious`
  ADD PRIMARY KEY (`ID`);

--
-- Indexes for table `science`
--
ALTER TABLE `science`
  ADD PRIMARY KEY (`ID`);

--
-- Indexes for table `siswati`
--
ALTER TABLE `siswati`
  ADD PRIMARY KEY (`ID`);

--
-- Indexes for table `students`
--
ALTER TABLE `students`
  ADD PRIMARY KEY (`ID`),
  ADD KEY `payment_id` (`payment_id`);

--
-- Indexes for table `teacher`
--
ALTER TABLE `teacher`
  ADD PRIMARY KEY (`ID`),
  ADD UNIQUE KEY `ID` (`ID`);

--
-- Indexes for table `users`
--
ALTER TABLE `users`
  ADD PRIMARY KEY (`ID`);

--
-- AUTO_INCREMENT for dumped tables
--

--
-- AUTO_INCREMENT for table `agriculture`
--
ALTER TABLE `agriculture`
  MODIFY `ID` int(11) NOT NULL AUTO_INCREMENT;

--
-- AUTO_INCREMENT for table `computers`
--
ALTER TABLE `computers`
  MODIFY `ID` int(11) NOT NULL AUTO_INCREMENT, AUTO_INCREMENT=6;

--
-- AUTO_INCREMENT for table `course`
--
ALTER TABLE `course`
  MODIFY `ID` int(11) NOT NULL AUTO_INCREMENT, AUTO_INCREMENT=14;

--
-- AUTO_INCREMENT for table `english`
--
ALTER TABLE `english`
  MODIFY `ID` int(11) NOT NULL AUTO_INCREMENT, AUTO_INCREMENT=4;

--
-- AUTO_INCREMENT for table `french`
--
ALTER TABLE `french`
  MODIFY `ID` int(11) NOT NULL AUTO_INCREMENT;

--
-- AUTO_INCREMENT for table `homeeco`
--
ALTER TABLE `homeeco`
  MODIFY `ID` int(11) NOT NULL AUTO_INCREMENT;

--
-- AUTO_INCREMENT for table `math`
--
ALTER TABLE `math`
  MODIFY `ID` int(11) NOT NULL AUTO_INCREMENT, AUTO_INCREMENT=2;

--
-- AUTO_INCREMENT for table `payments`
--
ALTER TABLE `payments`
  MODIFY `ID` int(11) NOT NULL AUTO_INCREMENT;

--
-- AUTO_INCREMENT for table `religious`
--
ALTER TABLE `religious`
  MODIFY `ID` int(11) NOT NULL AUTO_INCREMENT;

--
-- AUTO_INCREMENT for table `science`
--
ALTER TABLE `science`
  MODIFY `ID` int(11) NOT NULL AUTO_INCREMENT, AUTO_INCREMENT=2;

--
-- AUTO_INCREMENT for table `siswati`
--
ALTER TABLE `siswati`
  MODIFY `ID` int(11) NOT NULL AUTO_INCREMENT;

--
-- AUTO_INCREMENT for table `students`
--
ALTER TABLE `students`
  MODIFY `ID` int(11) NOT NULL AUTO_INCREMENT, AUTO_INCREMENT=502;

--
-- AUTO_INCREMENT for table `teacher`
--
ALTER TABLE `teacher`
  MODIFY `ID` int(11) NOT NULL AUTO_INCREMENT;

--
-- AUTO_INCREMENT for table `users`
--
ALTER TABLE `users`
  MODIFY `ID` int(11) NOT NULL AUTO_INCREMENT, AUTO_INCREMENT=45;
COMMIT;

/*!40101 SET CHARACTER_SET_CLIENT=@OLD_CHARACTER_SET_CLIENT */;
/*!40101 SET CHARACTER_SET_RESULTS=@OLD_CHARACTER_SET_RESULTS */;
/*!40101 SET COLLATION_CONNECTION=@OLD_COLLATION_CONNECTION */;
